ID,PNC,Product,Model,Brand,Approval_Mark,Country_Made_In,EAN13_Code,Product_Address,Color
140,943006472,Gas Cooker,ZCG94396XA,ZANUSSI,,Made in Egypt,7332543631452,Electrolux EGYPT,INOX
141,943006472,Gas Cooker,ZCG94396XA,ZANUSSI,,Made in Egypt,7332543631452,Electrolux EGYPT,INOX
142,943006472,Gas Cooker,ZCG94396XA,ZANUSSI,,Made in Egypt,7332543631452,Electrolux EGYPT,INOX
143,943006472,Gas Cooker,ZCG94396XA,ZANUSSI,,Made in Egypt,7332543631452,Electrolux EGYPT,INOX
144,943006100,Gas Cooker,ZCG62396XA,ZANUSSI,E6,Made in Egypt,7332543331864,Electrolux EGYPT,INOX
145,943006101,Gas Cooker,ZCG62386XA,ZANUSSI,,Made in Egypt,7332543332694,Electrolux EGYPT,INOX
146,943006102,Gas Cooker,ZCG92396XA,ZANUSSI,,Made in Egypt,7332543331871,Electrolux EGYPT,INOX
147,943006103,Gas Cooker,ZCG92386XA,ZANUSSI,,Made in Egypt,7332543332700,Electrolux EGYPT,INOX
148,943006391,Gas Cooker,FNGL90JFUS,FRIGIDAIRE,E6,Made in Egypt,7332543576326,Electrolux EGYPT,INOX
149,943006464,Gas Cooker,ZCG91236XA,ZANUSSI,,Made in Egypt,7332543628742,Electrolux EGYPT,INOX
150,943006465,Gas Cooker,ZCG61296XA,ZANUSSI,,Made in Egypt,7332543628759,Electrolux EGYPT,INOX
151,943006471,Gas Cooker,ZCG64396XA,ZANUSSI,,Made in Egypt,7332543631445,Electrolux EGYPT,INOX
152,943006490,Gas Cooker,ZCG92686XA,ZANUSSI,,Made in Egypt,7332543734634,Electrolux EGYPT,INOX
153,943006491,Gas Cooker,ZCG92696XA,ZANUSSI,,Made in Egypt,7332543734641,Electrolux EGYPT,INOX
154,943006503,Gas Cooker,ZCG922A6XA,ZANUSSI,,Made in Egypt,7332543734665,Electrolux EGYPT,INOX
155,943006583,??????? ???,CLPC906FSE,ClassPro,E6,??? ?? ???,6287022617957,Electrolux EGYPT,BLACK
156,943006585,??????? ???,LNGD90BNRX,Leonard,E6,??? ?? ???,1240000015829,Electrolux EGYPT,INOX
157,943006104,Gas Cooker,ZCG61226XA,ZANUSSI,,Made in Egypt,7332543332717,Electrolux EGYPT,INOX
158,943006106,Gas Cooker,ZCG91246XA,ZANUSSI,,Made in Egypt,7332543332724,Electrolux EGYPT,INOX
159,943006107,Gas Cooker,ZCG61206WA,ZANUSSI,,Made in Egypt,7332543332731,Electrolux EGYPT,WHITE
160,943006110,Gas Cooker,ZCG61216DA,ZANUSSI,,Made in Egypt,7332543332762,Electrolux EGYPT,INOX
161,943006113,Gas Cooker,ZCG61236XA,ZANUSSI,,Made in Egypt,7332543332793,Electrolux EGYPT,INOX
162,943006115,Gas Cooker,ZCG61266XA,ZANUSSI,,Made in Egypt,7332543332816,Electrolux EGYPT,INOX
163,943006119,Gas Cooker,EKG911A3OW,ELECTROLUX,,Made in Egypt,7332543335664,Electrolux EGYPT,White
164,943006120,Gas Cooker,EKG611A0OW,ELECTROLUX,,Made in A.R.E.,7332543335213,Electrolux EGYPT,WHITE
165,943006122,Gas Cooker,EKG611A0OX,ELECTROLUX,E6,Made in A.R.E.,7332543335237,Electrolux EGYPT,INOX
166,943006124,Gas Cooker,EKG613A1OW,ELECTROLUX,,Made in A.R.E.,7332543335305,Electrolux EGYPT,White
167,943006126,Gas Cooker,EKG613A1OX,ELECTROLUX,,Made in A.R.E.,7332543335329,Electrolux EGYPT,INOX
168,943006127,Gas Cooker,EKG613A1OX,ELECTROLUX,,Made in Egypt,7332543335336,Electrolux EGYPT,INOX
169,943006130,Gas Cooker,EKK615A1OX,ELECTROLUX,,Made in A.R.E.,7332543331864,Electrolux EGYPT,INOX
170,943006132,Gas Cooker,EKG911A3OX,ELECTROLUX,,Made in Egypt,7332543335718,Electrolux EGYPT,INOX
171,943006133,Gas Cooker,EKK615A1OX,ELECTROLUX,,Made in A.R.E.,7332543335725,Electrolux EGYPT,INOX
172,943006138,Gas Cooker,ZCG61236XA,ZANUSSI,CM,Made in A.R.E.,7332543333967,Electrolux EGYPT,INOX
173,943006144,Gas Cooker,ZCG62256XA,ZANUSSI,CM,Made in A.R.E.,7332543334025,Electrolux EGYPT,INOX
174,943006147,Gas Cooker,ZCG62256XA,ZANUSSI,,Made in Egypt,7332543334056,Electrolux EGYPT,INOX
175,943006150,Gas Cooker,ZCG61266WA,ZANUSSI,CM,Made in A.R.E.,7332543334063,Electrolux EGYPT,WHITE
176,943006152,??????? ???,ZCG61266XA,ZANUSSI,E6,??? ?? ?.?.?,7332543416165,Electrolux EGYPT,INOX
177,943006155,Gas Cooker,ZCG91206WA,ZANUSSI,,Made in Egypt,7332543334315,Electrolux EGYPT,White
178,943006156,Gas Cooker,ZCG91206XA,ZANUSSI,,Made in Egypt,7332543334322,Electrolux EGYPT,INOX
179,943006160,Gas Cooker,EKG911A1OW,ELECTROLUX,,Made in Egypt,7332543335763,Electrolux EGYPT,White
180,943006162,Gas Cooker,EKG911A1OX,ELECTROLUX,,Made in Egypt,7332543335787,Electrolux EGYPT,INOX
181,943006164,Gas Cooker,EKG913A2OX,ELECTROLUX,,Made in Egypt,7332543335794,Electrolux EGYPT,INOX
182,943006165,Gas Cooker,EKG913A2OX,ELECTROLUX,,Made in Egypt,7332543335800,Electrolux EGYPT,INOX
183,943006168,Gas Cooker,WNGB90JGRSO,WHITE WESTINGHOUSE,,Made in Egypt,7332543336654,Electrolux EGYPT,INOX
184,943006170,Gas Cooker,ZCK95206XA,ZANUSSI,G-Mark,Made in Egypt,7332543334803,Electrolux EGYPT,INOX
185,943006171,Gas Cooker,EKG913A4OW,ELECTROLUX,,Made in Egypt,7332543336203,Electrolux EGYPT,WHITE
186,943006173,Gas Cooker,EKG913A4OX,ELECTROLUX,,Made in Egypt,7332543336227,Electrolux EGYPT,INOX
187,943006174,Gas Cooker,EKG913A4OX,ELECTROLUX,,Made in A.R.E.,7332543336234,Electrolux EGYPT,INOX
188,943006175,Gas Cooker,EKK925A0OX,ELECTROLUX,,Made in A.R.E.,7332543331864,Electrolux EGYPT,INOX
189,943006176,Gas Cooker,EKK925A0OX,ELECTROLUX,,Made in A.R.E.,7332543336258,Electrolux EGYPT,INOX
190,943006177,Gas Cooker,EKK925A0OX,ELECTROLUX,G-Mark,Made in Egypt,7332543336265,Electrolux EGYPT,INOX
191,943006180,Gas Cooker,ZCG92296XA,ZANUSSI,CM,Made in A.R.E.,7332543334391,Electrolux EGYPT,INOX
192,943006181,Gas Cooker,ZCG92296XA,ZANUSSI,,Made in Egypt,7332543334407,Electrolux EGYPT,INOX
193,943006183,??????? ???,ZCG91226WA,ZANUSSI,E6,??? ?? ?.?.?,7332543334421,Electrolux EGYPT,White
194,943006185,??????? ???,ZCG91226XA,ZANUSSI,E6,??? ?? ?.?.?,7332543334445,Electrolux EGYPT,INOX
195,943006186,Gas Cooker,ZCG91226XA,ZANUSSI,E6,Made in Egypt,7332543334452,Electrolux EGYPT,INOX
196,943006187,Gas Cooker,EKK925A0OX,ELECTROLUX,,Made in Egypt,7332543336272,Electrolux EGYPT,INOX
197,943006192,Gas Cooker,WNGB60JGRS,WHITE WESTINGHOUSE,,Made in Egypt,7332543336579,Electrolux EGYPT,INOX
198,943006197,Gas Cooker,WNFF60JGRS,WHITE WESTINGHOUSE,,Made in Egypt,7332543336623,Electrolux EGYPT,INOX
199,943006198,Gas Cooker,FNGB60JGRW,FRIGIDAIRE,,Made in Egypt,7332543336289,Electrolux EGYPT,White
200,943006199,Gas Cooker,FNGB60JGRS,FRIGIDAIRE,E6,Made in Egypt,7332543336296,Electrolux EGYPT,INOX
201,943006201,Gas Cooker,FNGD60JGRS,FRIGIDAIRE,,Made in Egypt,7332543336319,Electrolux EGYPT,INOX
202,943006203,Gas Cooker,FNFG60JGRS,FRIGIDAIRE,,Made in Egypt,7332543336326,Electrolux EGYPT,INOX
203,943006205,Gas Cooker,WNGB90JGRSO,WHITE WESTINGHOUSE,,Made in Egypt,7332543336654,Electrolux EGYPT,INOX
204,943006208,Gas Cooker,WNGC90JGRS,WHITE WESTINGHOUSE,,Made in Egypt,7332543336685,Electrolux EGYPT,INOX
205,943006209,Gas Cooker,WNFF90JGRS,WHITE WESTINGHOUSE,G-Mark,Made in Egypt,7332543336692,Electrolux EGYPT,INOX
206,943006211,Gas Cooker,FNGB90JGRSO,FRIGIDAIRE,,Made in Egypt,7332543336340,Electrolux EGYPT,INOX
207,943006213,Gas Cooker,FNGC90JGRS,FRIGIDAIRE,,Made in Egypt,7332543336364,Electrolux EGYPT,INOX
208,943006215,Gas Cooker,FNGE90JGRS,FRIGIDAIRE,,Made in Egypt,7332543336388,Electrolux EGYPT,INOX
209,943006216,Gas Cooker,FNFG90JGRS,FRIGIDAIRE,G-Mark,Made in Egypt,7332543336395,Electrolux EGYPT,INOX
210,943006267,Gas Cooker,EKG613A1OW,ELECTROLUX,,Made in A.R.E.,7332543351411,Electrolux EGYPT,White
211,943006268,Gas Cooker,EKG613A1OX,ELECTROLUX,,Made in A.R.E.,7332543351428,Electrolux EGYPT,INOX
212,943006274,Gas Cooker,EKK615A1OX,ELECTROLUX,,Made in A.R.E.,7332543403059,Electrolux EGYPT,INOX
213,943006275,Gas Cooker,EKG913A4OW,ELECTROLUX,,Made in A.R.E.,7332543403042,Electrolux EGYPT,WHITE
214,943006277,Gas Cooker,ZCG91246XA,ZANUSSI,E6,Made in Egypt,7332543415823,Electrolux EGYPT,INOX
215,943006299,Gas Cooker,ZCG61246XA,ZANUSSI,,Made in Egypt,7332543468843,Electrolux EGYPT,INOX
216,943006304,Gas Cooker,GCK95206XA,Gibson,,Made in Egypt,7332543478477,Electrolux EGYPT,INOX
217,943006305,Gas Cooker,GCG91226XA,Gibson,,Made in Egypt,7332543478484,Electrolux EGYPT,INOX
218,943006306,Gas Cooker,GCG91326XA,Gibson,,Made in Egypt,7332543498291,Electrolux EGYPT,INOX
219,943006326,Gas Cooker,EKG912A1OX,ELECTROLUX,,Made in Egypt,7332543495153,Electrolux EGYPT,INOX
220,943006328,Gas Cooker,WNGB90JGRX,WHITE WESTINGHOUSE,,Made in Egypt,7332543498307,Electrolux EGYPT,INOX
221,943006329,Gas Cooker,WNGD90JGRX,WHITE WESTINGHOUSE,,Made in Egypt,7332543498314,Electrolux EGYPT,INOX
222,943006332,Gas Cooker,FNGE90JFRS,FRIGIDAIRE,,Made in Egypt,7332543496464,Electrolux EGYPT,INOX
223,943006333,Gas Cooker,FNGC90JSRS,FRIGIDAIRE,,Made in Egypt,7332543496471,Electrolux EGYPT,INOX
224,943006334,Gas Cooker,EKG612A1OX,ELECTROLUX,,Made in Egypt,7332543496488,Electrolux EGYPT,INOX
225,943006338,Gas Cooker,EKG911A3OW,ELECTROLUX,,Made in Egypt,7332543496518,Electrolux EGYPT,White
226,943006339,Gas Cooker,EKG911A3OW,ELECTROLUX,,Made in Egypt,7332543496518,Electrolux EGYPT,White
227,943006340,Gas Cooker,EKG913B3OX,ELECTROLUX,,Made in Egypt,7332543496532,Electrolux EGYPT,INOX
228,943006343,Gas Cooker,WNGB90JGRX,WHITE WESTINGHOUSE,,Made in Egypt,7332543498741,Electrolux EGYPT,INOX
229,943006344,Gas Cooker,KGW9JATSOL,Kelvinator,,Made in Egypt,7332543498321,Electrolux EGYPT,INOX
230,943006345,Gas Cooker,EKG613A1OX,ELECTROLUX,CM,Made in A.R.E.,7332543526314,Electrolux EGYPT,INOX
231,943006350,Gas Cooker,EKK615A1OX,ELECTROLUX,F1,Made in Egypt,7332543526338,Electrolux EGYPT,INOX
232,943006351,??????? ???,ZCG61236XA,ZANUSSI,E6,??? ?? ?.?.?,7332543526345,Electrolux EGYPT,INOX
233,943006353,??????? ???,ZCG62256XA,ZANUSSI,E6,??? ?? ?.?.?,7332543526352,Electrolux EGYPT,INOX
234,943006355,Gas Cooker,ZCG62256XA,ZANUSSI,,Made in Egypt,7332543535194,Electrolux EGYPT,INOX
235,943006357,Gas Cooker,EKG913A2OX,ELECTROLUX,CM,Made in A.R.E.,7332543526369,Electrolux EGYPT,INOX
236,943006358,??????? ???,EKG913A2OX,ELECTROLUX,E6,??? ?? ???,7332543526376,Electrolux EGYPT,INOX
237,943006360,Gas Cooker,EKG913A4OX,ELECTROLUX,,Made in A.R.E.,7332543526383,Electrolux EGYPT,INOX
238,943006364,Gas Cooker,EKK925A0OX,ELECTROLUX,F1,Made in Egypt,7332543526406,Electrolux EGYPT,INOX
239,943006366,??????? ???,ZCG92296XA,ZANUSSI,E6,??? ?? ?.?.?,7332543526413,Electrolux EGYPT,INOX
240,943006367,Gas Cooker,ZCG92296XA,ZANUSSI,,Made in Egypt,7332543535200,Electrolux EGYPT,INOX
241,943006371,Gas Cooker,FNGD60JGRS,FRIGIDAIRE,,Made in Egypt,7332543535217,Electrolux EGYPT,INOX
242,943006375,Gas Cooker,WNFF90JGRS,WHITE WESTINGHOUSE,G-Mark,Made in Egypt,7332543535231,Electrolux EGYPT,INOX
243,943006377,Gas Cooker,FNGC90JGRS,FRIGIDAIRE,,Made in Egypt,7332543535248,Electrolux EGYPT,INOX
244,943006379,Gas Cooker,FNGE90JGRS,FRIGIDAIRE,E6,Made in Egypt,7332543538096,Electrolux EGYPT,INOX
245,943006380,Gas Cooker,FNFG90JGRS,FRIGIDAIRE,G-Mark,Made in Egypt,7332543535255,Electrolux EGYPT,INOX
246,943006381,Gas Cooker,EKG613A1OX,ELECTROLUX,E6,Made in Egypt,7332543535262,Electrolux EGYPT,INOX
247,943006382,Gas Cooker,ZCG62496XA,ZANUSSI,,Made in Egypt,7332543537617,Electrolux EGYPT,INOX
248,943006383,Gas Cooker,ZCG92496XA,ZANUSSI,,Made in Egypt,7332543537655,Electrolux EGYPT,INOX
249,943006384,Gas Cooker,10369MN-MN,AEG,,Made in A.R.E.,7332543537624,Electrolux EGYPT,INOX
250,943006385,Gas Cooker,10369GN-MN,AEG,,Made in A.R.E.,7332543537662,Electrolux EGYPT,INOX
251,943006386,Gas Cooker,10366MM-MN,AEG,,Made in A.R.E.,7332543537631,Electrolux EGYPT,INOX
252,943006387,Gas Cooker,10306GM-MN,AEG,,Made in A.R.E.,7332543537648,Electrolux EGYPT,INOX
253,943006388,Gas Cooker,ZCG62226XA,ZANUSSI,,Made in Egypt,7332543541416,Electrolux EGYPT,INOX
254,943006389,Gas Cooker,ZCG92226XA,ZANUSSI,,Made in Egypt,7332543541423,Electrolux EGYPT,INOX
255,943006390,Gas Cooker,FNGB90JFUW,FRIGIDAIRE,E6,Made in Egypt,7332543576319,Electrolux EGYPT,White
256,943006393,??????? ???,EKG913A2OX,ELECTROLUX,,??? ?? ???,7332543550500,Electrolux EGYPT,INOX
257,943006396,??????? ???,GCG91226XA,Gibson,E6,??? ?? ???,1240000008319,Electrolux EGYPT,INOX
258,943006397,??????? ???,GCG91326XA,Gibson,,??? ?? ???,7332543550548,Electrolux EGYPT,INOX
259,943006400,??????? ???,FNGE90JFRS,FRIGIDAIRE,,??? ?? ???,7332543550593,Electrolux EGYPT,INOX
260,943006401,??????? ???,FNGC90JSRS,FRIGIDAIRE,,??? ?? ???,7332543550562,Electrolux EGYPT,INOX
261,943006402,??????? ???,KGW9JATSOL,Kelvinator,,??? ?? ???,1240000008340,Electrolux EGYPT,INOX
262,943006403,??????? ???,EKG912A1OX,ELECTROLUX,,??? ?? ???,7332543557868,Electrolux EGYPT,INOX
263,943006405,Gas Cooker,GCG91426XA,Gibson,,Made in Egypt,7332543557981,Electrolux EGYPT,INOX
264,943006406,??????? ???,WNGH90JGUS,WHITE WESTINGHOUSE,E6,??? ?? ???,7332543561117,Electrolux EGYPT,INOX
265,943006407,??????? ???,WNGB90JGUS,WHITE WESTINGHOUSE,E6,??? ?? ???,1240000010008,Electrolux EGYPT,INOX
266,943006408,Gas Cooker,ZCG61026XA,ZANUSSI,,Made in Egypt,7332543598465,Electrolux EGYPT,INOX
267,943006411,??????? ???,ZCG61036XA,ZANUSSI,E6,??? ?? ?.?.?,7332543604395,Electrolux EGYPT,INOX
268,943006418,Gas Cooker,ZCG61016WA,ZANUSSI,E6,Made in Egypt,7332543599790,Electrolux EGYPT,WHITE
269,943006419,Gas Cooker,ZCG61016XA,ZANUSSI,E6,Made in Egypt,7332543599806,Electrolux EGYPT,INOX
270,943006420,??????? ???,AKG601A1OX,Arthur Martin,CM,??? ?? ?.?.?,7332543608898,Electrolux EGYPT,INOX
271,943006421,??????? ???,AKG601A1OW,Arthur Martin,CM,??? ?? ?.?.?,7332543608904,Electrolux EGYPT,WHITE
272,943006422,Gas Cooker,WNGJ60JGUW,WHITE WESTINGHOUSE,E6,Made in Egypt,7332543599813,Electrolux EGYPT,WHITE
273,943006423,Gas Cooker,FNFJ60JGUC,FRIGIDAIRE,,Made in Egypt,7332543599820,Electrolux EGYPT,INOX
274,943006424,??????? ???,WNGJ60JGUP,WHITE WESTINGHOUSE,,??? ?? ???,7332543604463,Electrolux EGYPT,INOX
275,943006425,Gas Cooker,EKG611A1OX,ELECTROLUX,E6,Made in Egypt,7332543604173,Electrolux EGYPT,INOX
276,943006426,Gas Cooker,GNGJ60JGUC,Gibson,E6,Made in Egypt,7332543600793,Electrolux EGYPT,INOX
277,943006427,Gas Cooker,WNGJ60JGUC,WHITE WESTINGHOUSE,E6,Made in Egypt,7332543604180,Electrolux EGYPT,INOX
278,943006428,??????? ???,GNFJ60JGUW,Gibson,,??? ?? ???,7332543599837,Electrolux EGYPT,White
279,943006429,??????? ???,GNGB60JGUC,Gibson,,??? ?? ???,1240000008302,Electrolux EGYPT,INOX
280,943006437,Gas Cooker,ZCG91016XA,ZANUSSI,,Made in Egypt,7332543644742,Electrolux EGYPT,INOX
281,943006438,Gas Cooker,ZCG912A6XA,ZANUSSI,,Made in Egypt,7332543644759,Electrolux EGYPT,INOX
282,943006440,Gas Cooker,FNGJ90JGVW,FRIGIDAIRE,E6,Made in Egypt,7332543644766,Electrolux EGYPT,White
283,943006441,Gas Cooker,GNGJ90JGVC,Gibson,E6,Made in Egypt,7332543644773,Electrolux EGYPT,INOX
284,943006442,??????? ???,WNGJ90JGVP,WHITE WESTINGHOUSE,E6,??? ?? ???,7332543644780,Electrolux EGYPT,INOX
285,943006443,Gas Cooker,FNGJ90JGVP,FRIGIDAIRE,E6,Made in Egypt,7332543644797,Electrolux EGYPT,INOX
286,943006444,Gas Cooker,ZCG91006XA,ZANUSSI,E6,Made in Egypt,7332543644100,Electrolux EGYPT,INOX
287,943006445,Gas Cooker,WNGH90JGVC,WHITE WESTINGHOUSE,E6,Made in Egypt,7332543644117,Electrolux EGYPT,INOX
288,943006455,??????? ???,AKG611A3OX,Arthur Martin,CM,??? ?? ?.?.?,7332543613434,Electrolux EGYPT,INOX
289,943006456,??????? ???,AKG633A7OX,Arthur Martin,CM,??? ?? ?.?.?,7332543613441,Electrolux EGYPT,INOX
290,943006457,??????? ???,AKG911A3OW,Arthur Martin,CM,??? ?? ?.?.?,7332543613458,Electrolux EGYPT,WHITE
291,943006458,??????? ???,AKG911A5OX,Arthur Martin,CM,??? ?? ?.?.?,7332543613465,Electrolux EGYPT,INOX
292,943006459,??????? ???,AKG933A7OX,Arthur Martin,,??? ?? ???,7332543613472,Electrolux EGYPT,INOX
293,943006460,Gas Cooker,CKB901A4BM,AEG,,Made in A.R.E.,7332543631421,Electrolux EGYPT,INOX
294,943006462,Gas Cooker,CKB600A4BM,AEG,,Made in A.R.E.,7332543621934,Electrolux EGYPT,INOX
295,943006466,Gas Cooker,ZCG62356XA,ZANUSSI,,Made in Egypt,7332543628766,Electrolux EGYPT,INOX
296,943006467,Gas Cooker,ZCG92356XA,ZANUSSI,,Made in Egypt,7332543628773,Electrolux EGYPT,INOX
297,943006470,Gas Cooker,ZCG64216XA,ZANUSSI,,Made in Egypt,7332543631438,Electrolux EGYPT,INOX
298,943006473,Gas Cooker,WNGO90JGVP,WHITE WESTINGHOUSE,E6,Made in Egypt,7332543638673,Electrolux EGYPT,INOX
299,943006474,Gas Cooker,FNGD90JWVS,FRIGIDAIRE,,Made in Egypt,7332543657384,Electrolux EGYPT,INOX
300,943006476,Gas Cooker,FOMN90JWVS,FRIGIDAIRE,,Made in Egypt,7332543657391,Electrolux EGYPT,INOX
301,943006477,Gas Cooker,EKG611A1OX,ELECTROLUX,E6,Made in Egypt,7332543633654,Electrolux EGYPT,INOX
302,943006478,Gas Cooker,EKG6000A0X,ELECTROLUX,E6,Made in Egypt,7332543655960,Electrolux EGYPT,INOX
303,943006479,Gas Cooker,WNGJ60JNVC,WHITE WESTINGHOUSE,E6,Made in Egypt,7332543655977,Electrolux EGYPT,INOX
304,943006480,Gas Cooker,ZCG61046XA,ZANUSSI,E6,Made in Egypt,7332543655984,Electrolux EGYPT,INOX
305,943006487,??????? ???,AKG9241Z5X,Arthur Martin,E6,??? ?? ?.?.?,7332543734603,Electrolux EGYPT,INOX
306,943006488,??????? ???,CGB923Z5CM,AEG,E6,??? ?? ???,7332543734610,Electrolux EGYPT,INOX
307,943006489,Gas Cooker,CKB943Z5CM,AEG,,Made in Egypt,7332543734627,Electrolux EGYPT,INOX
308,943006492,Gas Cooker,FNGJ60JGUC,FRIGIDAIRE,,Made in Egypt,7332543693818,Electrolux EGYPT,INOX
309,943006493,??????? ???,AKG6000A1Y,Arthur Martin,E6,??? ?? ?.?.?,7332543699575,Electrolux EGYPT,BLACK
310,943006494,??????? ???,ZCG61056BA,ZANUSSI,E6,??? ?? ?.?.?,7332543706433,Electrolux EGYPT,BLACK
311,943006495,Gas Cooker,CKB901A4BM,AEG,,Made in A.R.E.,7332543631421,Electrolux EGYPT,INOX
312,943006496,Gas Cooker,WNGO90JGWP,WHITE WESTINGHOUSE,E6,Made in Egypt,7332543700899,Electrolux EGYPT,INOX
313,943006497,Gas Cooker,CKB600A4BM,AEG,,Made in A.R.E.,7332543621934,Electrolux EGYPT,INOX
314,943006498,??????? ???,GNGB90JGWC,Gibson,,??? ?? ???,1240000008333,Electrolux EGYPT,INOX
315,943006501,??????? ???,GNGJ90JGWC,Gibson,E6,??? ?? ???,1240000008326,Electrolux EGYPT,INOX
316,943006502,Gas Cooker,ZCG622A6XA,ZANUSSI,,Made in Egypt,7332543734658,Electrolux EGYPT,INOX
317,943006504,Gas Cooker,ZCG623A6XA,ZANUSSI,,Made in Egypt,7332543809769,Electrolux EGYPT,INOX
318,943006505,Gas Cooker,ZCG923A6XA,ZANUSSI,,Made in Egypt,7332543809776,Electrolux EGYPT,INOX
319,943006506,Gas Cooker,FNGD90JWWS,FRIGIDAIRE,,Made in Egypt,7332543734672,Electrolux EGYPT,INOX
320,943006507,Gas Cooker,FOMN90JWWS,FRIGIDAIRE,,Made in Egypt,7332543734689,Electrolux EGYPT,INOX
321,943006508,Gas Cooker,FNGB90JFXS,FRIGIDAIRE,,Made in Egypt,7332543751570,Electrolux EGYPT,INOX
322,943006509,??????? ???,EKG9000A3X,ELECTROLUX,,??? ?? ???,7332543754557,Electrolux EGYPT,INOX
323,943006510,Gas Cooker,GNGO90JGWC,Gibson,,Made in Egypt,7332543757466,Electrolux EGYPT,BLACK
324,943006511,Gas Cooker,10369MN-MN,AEG,F1,Made in A.R.E.,7332543537624,Electrolux EGYPT,INOX
325,943006512,Gas Cooker,10366MM-MN,AEG,,Made in A.R.E.,7332543789870,Electrolux EGYPT,INOX
326,943006513,Gas Cooker,CKB901A4BM,AEG,,Made in A.R.E.,7332543807529,Electrolux EGYPT,Black
327,943006514,Gas Cooker,CKB600A4BB,AEG,,Made in A.R.E.,7332543807758,Electrolux EGYPT,Black
328,943006515,??????? ???,EKG9241Z9X,ELECTROLUX,,??? ?? ???,7332543791514,Electrolux EGYPT,INOX
329,943006516,Gas Cooker,EKG9000A4X,ELECTROLUX,,Made in Egypt,7332543782802,Electrolux EGYPT,INOX
330,943006517,Gas Cooker,EKG9241Z7X,ELECTROLUX,,Made in Egypt,7332543791521,Electrolux EGYPT,INOX
331,943006518,Gas Cooker,EKG9000G9U,ELECTROLUX,,Made in Egypt,7332543807345,Electrolux EGYPT,INOX
332,943006519,Gas Cooker,EKG9000G9X,ELECTROLUX,,Made in Egypt,7332543807352,Electrolux EGYPT,INOX
333,943006520,Gas Cooker,EKG9200A9X,ELECTROLUX,,Made in Egypt,7332543807369,Electrolux EGYPT,INOX
334,943006521,Gas Cooker,EKG6000G6W,ELECTROLUX,,Made in Egypt,7332543807376,Electrolux EGYPT,WHITE
335,943006522,Gas Cooker,EKG6000G6Y,ELECTROLUX,,Made in Egypt,7332543806072,Electrolux EGYPT,BLACK
336,943006524,Gas Cooker,FNGN90JEYS,FRIGIDAIRE,E6,Made in Egypt,7332543815593,Electrolux EGYPT,INOX
337,943006525,??????? ???,FNGN90JGYS,FRIGIDAIRE,,??? ?? ???,1240000008357,Electrolux EGYPT,INOX
338,943006526,??????? ???,FNGB90JGYP,FRIGIDAIRE,,??? ?? ???,1240000008364,Electrolux EGYPT,INOX
339,943006527,??????? ???,FNGC90JGRS,FRIGIDAIRE,,??? ?? ???,1240000008388,Electrolux EGYPT,INOX
340,943006528,Gas Cooker,ZCG97326XA,ZANUSSI,,Made in Egypt,7332543846740,Electrolux EGYPT,INOX
341,943006529,Gas Cooker,FNGP60JGBS,FRIGIDAIRE,,Made in Egypt,7332543846276,Electrolux EGYPT,INOX
342,943006530,Gas Cooker,FOMN90JGBS,FRIGIDAIRE,,Made in Egypt,7332543846719,Electrolux EGYPT,INOX
343,943006531,Gas Cooker,FNGN90JGBS,FRIGIDAIRE,,Made in Egypt,7332543846726,Electrolux EGYPT,INOX
344,943006532,Gas Cooker,ZCK67326XA,ZANUSSI,,Made in Egypt,7332543846900,Electrolux EGYPT,INOX
345,943006541,??????? ???,AKG611A3OX,Arthur Martin,E6,??? ?? ?.?.?,7332543847204,Electrolux EGYPT,INOX
346,943006544,??????? ???,ZCG92296XA,ZANUSSI,E6,??? ?? ?.?.?,7332543847044,Electrolux EGYPT,INOX
347,943006549,Gas Cooker,CKB901A4BM,AEG,,Made in A.R.E.,7332543807529,Electrolux EGYPT,Black
348,943006550,Gas Cooker,CKB943Z5CM,AEG,,Made in Egypt,7333394010694,Electrolux EGYPT,INOX
349,943006551,Gas Cooker,10369MN-MN,AEG,,Made in Egypt,7333394010700,Electrolux EGYPT,INOX
350,943006553,??????? ???,FNGJ90JGZP,FRIGIDAIRE,E6,??? ?? ???,1240000009224,Electrolux EGYPT,BLACK
351,943006556,Gas Cooker,EKK6251Z9X,ELECTROLUX,,Made in Egypt,7333394010090,Electrolux EGYPT,INOX
352,943006557,Gas Cooker,EKK9251Z9X,ELECTROLUX,,Made in Egypt,7333394010106,Electrolux EGYPT,INOX
353,943006558,Gas Cooker,EKK9241Z9X,ELECTROLUX,,Made in Egypt,7333394010106,Electrolux EGYPT,INOX
354,943006559,Gas Cooker,EKG9010Z9X,ELECTROLUX,F1,Made in Egypt,7332543997145,Electrolux EGYPT,INOX
355,943006560,??????? ???,EKG9000A5X,ELECTROLUX,,??? ?? ???,7333394009506,Electrolux EGYPT,INOX
356,943006561,??????? ???,CGB923Z5CM,AEG,,??? ?? ???,7333394009698,Electrolux EGYPT,INOX
357,943006562,Gas Cooker,EKK6400Z9X,ELECTROLUX,,Made in Egypt,7333394011042,Electrolux EGYPT,INOX
358,943006563,??????? ???,10369GN-MN,AEG,,??? ?? ???,7333394033525,Electrolux EGYPT,INOX
359,943006564,??????? ???,10306GM-MN,AEG,,??? ?? ???,7333394033532,Electrolux EGYPT,INOX
360,943006565,??????? ???,10369MN-MN,AEG,G-Mark,??? ?? ???,7333394033549,Electrolux EGYPT,INOX
361,943006566,??????? ???,10366MM-MD,AEG,G-Mark,??? ?? ???,7333394033556,Electrolux EGYPT,INOX
362,943006567,??????? ???,CGB943Z6CM,AEG,G-Mark,??? ?? ???,7333394033839,Electrolux EGYPT,INOX
363,943006568,??????? ???,10369GN-MN,AEG,E6,??? ?? ???,7333394033563,Electrolux EGYPT,INOX
364,943006569,??????? ???,10306GM-MN,AEG,E6,??? ?? ???,7333394033570,Electrolux EGYPT,INOX
365,943006570,??????? ???,10369MN-MN,AEG,G-Mark,??? ?? ???,7333394033587,Electrolux EGYPT,INOX
366,943006571,??????? ???,10366MM-MD,AEG,G-Mark,??? ?? ???,7333394033594,Electrolux EGYPT,INOX
367,943006572,??????? ???,CGB943Z6CM,AEG,G-Mark,??? ?? ???,7333394033846,Electrolux EGYPT,INOX
368,943006581,??????? ???,CGB943Z6CM,AEG,E6,??? ?? ???,7333394033853,Electrolux EGYPT,INOX
369,943006582,??????? ???,PNGJ30JGWS,Philco,E6,??? ?? ???,1240000015812,Electrolux EGYPT,INOX
